{
  "eslint.config.js": 1775343565.8509595,
  "vite.config.ts": 1775386602.226464,
  "src/App.tsx": 1775727223.0291827,
  "src/main.tsx": 1775343565.9236634,
  "src/types/index.ts": 1775465187.1337044,
  "src/components/sidebar/TaskList.tsx": 1775485373.6207588,
  "src/components/sidebar/TaskItem.tsx": 1776250206.2429821,
  "src/components/sidebar/Sidebar.tsx": 1775730501.186428,
  "src/components/ui/Toast.tsx": 1775727441.751433,
  "src/components/schedule/EventContextMenu.tsx": 1776250112.896147,
  "src/components/schedule/Schedule.tsx": 1776250285.1996448,
  "src/components/notes/Notes.tsx": 1775730758.588142,
  "src/components/heatmap/ActivityHeatmap.tsx": 1775730515.4064415,
  "src/hooks/useStore.ts": 1776250112.8788772,
  "src/db/db.ts": 1775465255.3485048,
  "README.md": 1775385935.2174394,
  "GEMINI.md": 1775343565.8507605,
  "public/icons.svg": 1775343565.9218953,
  "public/demo.gif": 1775343565.9214563,
  "public/favicon.svg": 1775343565.9217587,
  "src/assets/hero.png": 1775343565.9222372,
  "src/assets/vite.svg": 1775343565.9225218,
  "src/assets/react.svg": 1775343565.922378
}